"rep","mode","conv","nll","secs","alpha0_2","alpha0_3","alpha0_4","alpha0_5","alpha1_1","alpha1_2","og_E","log_c_bar","K_mean"
1,"zK",0,3102.40050797865,127.433564186096,-0.396576727518063,-0.779916835739314,0.575486493484948,0.940630812116159,1.4867392991041,-0.939372854666113,2.55265777343224,-0.73134694170064,1.605
1,"znext",0,3031.83210936386,128.304836034775,-0.410267492711012,-0.820704301545437,0.596111843473416,0.966628072076218,1.5328746627034,-0.976460801397736,2.65501237904361,-0.624064904640873,1.605
2,"zK",0,2996.5871893562,130.163462877274,-0.540734547547051,-0.866521919595724,0.466031145328148,0.796365511403442,1.53634511398206,-1.02720115195857,2.54049775987049,-0.612284694354959,1.573
2,"znext",0,2915.58721990533,133.351592063904,-0.547058496039158,-0.894836018758468,0.487112683650407,0.822438978446091,1.5927444240213,-1.05535148337798,2.6514835324879,-0.488331118666897,1.573
3,"zK",0,3046.95669992269,138.540370941162,-0.494414385840588,-0.76240991320738,0.51208227312367,0.857516292041748,1.529485677661,-0.945420983242117,2.44623516318151,-0.650959284824415,1.586
3,"znext",0,2966.43271226592,127.507078170776,-0.506132715084688,-0.788030566733564,0.529872001301381,0.883328462550275,1.5829641955886,-0.982410466349955,2.56267856098291,-0.541199615098294,1.586
4,"zK",0,3070.02530670629,133.453897953033,-0.557161906037606,-0.888371342175416,0.540527288898384,0.791518349986466,1.47553515099164,-0.968111079435498,2.4522343478363,-0.669551970930572,1.598
4,"znext",0,2997.33032989259,134.305577993393,-0.583463769756064,-0.929362468054678,0.562674777053928,0.81103711207291,1.51569672798579,-0.984568688399095,2.52162854788968,-0.555407050209454,1.598
5,"zK",0,3101.34740433393,126.440766096115,-0.503591801051866,-0.74445637248027,0.503715995365253,0.758535817428241,1.44638414055757,-1.01069694556655,2.45425491069993,-0.680979783410182,1.59
5,"znext",0,3020.57041021691,128.567990064621,-0.521382199539345,-0.794371932673263,0.535010130965332,0.788369870611797,1.50464858064562,-1.03934827385949,2.57529470029692,-0.569016265831216,1.59
6,"zK",0,3026.93999333937,126.139994859695,-0.596742333376046,-0.755304431165994,0.564084394062334,0.778698889891885,1.56446314916215,-1.07468540032124,2.56513421817764,-0.630969565150592,1.593
6,"znext",0,2947.15744468491,142.129320859909,-0.620013938118907,-0.770758845789939,0.584566955838076,0.800629556041047,1.60552684664322,-1.08838408611709,2.63024938571671,-0.50921646470638,1.593
7,"zK",0,3160.26267555453,141.978559017181,-0.483291571690071,-0.756139100416504,0.487505757113557,0.764725376054123,1.49495553830734,-1.12980803527486,2.58877682643081,-0.608285492952707,1.599
7,"znext",0,3079.48474826274,134.805999040604,-0.501961386297759,-0.802269306106152,0.498727565274763,0.775778691549137,1.54851788144594,-1.18884707254887,2.71727284012753,-0.493612484675892,1.599
8,"zK",0,3072.11370461482,127.852886915207,-0.577610448402328,-0.749693191082944,0.525567812878712,0.813103178040258,1.49904831389898,-1.09961896660969,2.66738725380112,-0.675885945508439,1.586
8,"znext",0,2998.38381199764,129.585842847824,-0.614934070838869,-0.781556801984049,0.526671344351351,0.825498305623641,1.53607902690298,-1.11970340262827,2.72935757145922,-0.563966006991567,1.586
9,"zK",0,3083.42514528605,127.321969032288,-0.490931704720886,-0.945206991700248,0.469316930348557,0.797694896612286,1.50426658013377,-0.870325450156543,2.41907204347762,-0.649445855066892,1.586
9,"znext",0,2987.73011392856,135.000859975815,-0.511622388015481,-0.984034357434864,0.500267988092727,0.837448617239903,1.57514250377737,-0.91291128467168,2.56972962654608,-0.514440991059604,1.586
10,"zK",0,3095.36359899164,138.361953020096,-0.54053639297098,-0.833406387294622,0.43006579497143,0.739435234434379,1.48672845464226,-0.953896006798237,2.48429362920743,-0.68337412962973,1.593
10,"znext",0,3019.5856693049,131.541355133057,-0.555195161845012,-0.857597618338313,0.451002607282472,0.759381678259291,1.5311416821099,-0.978405577231997,2.57411754375918,-0.569549976121505,1.593
11,"zK",0,3058.3565383019,132.100322008133,-0.489582235441445,-0.864258187164408,0.488401012192956,0.768060118790562,1.51836805210346,-1.10011521031313,2.46996567622895,-0.557507622376255,1.577
11,"znext",0,2976.0042373806,134.475660800934,-0.513942467735091,-0.877223567953476,0.509173129864202,0.805211975370615,1.58207855066058,-1.17683567268498,2.64270195474317,-0.438914504990986,1.577
12,"zK",0,3061.55944031748,127.620091915131,-0.413763847375843,-0.759169885342649,0.511756877429177,0.818506781285207,1.51824403396786,-1.07503086341265,2.51148412055563,-0.606665653040769,1.591
12,"znext",0,2968.70423813102,127.670281171799,-0.42355145799947,-0.802350098348316,0.543848412035666,0.86318429286438,1.59181715993535,-1.10633157291212,2.6558137085786,-0.474684935050096,1.591
13,"zK",0,3014.30948227155,126.172970056534,-0.59994897732815,-0.835261862516758,0.516323880272999,0.819819194357114,1.51363047115297,-1.07554528295941,2.52045550487893,-0.669272330909842,1.584
13,"znext",0,2934.31651083813,144.085881948471,-0.623526812050359,-0.877482900763477,0.533427005794415,0.841815444227044,1.56292737006646,-1.11349100072498,2.6232504625401,-0.557637551031009,1.584
14,"zK",0,3100.49075682635,135.604129076004,-0.474896638521695,-0.781452633552079,0.511432683761085,0.799091336431295,1.43815774331136,-1.04762462446007,2.53041780979653,-0.647668338774927,1.585
14,"znext",0,3036.37380859892,131.308820009232,-0.490061644671209,-0.798947414615012,0.528881196636426,0.812452525179951,1.46937078477937,-1.06866227381937,2.59074935492776,-0.547044004807251,1.585
15,"zK",0,3186.05851029992,135.012097835541,-0.363815727082893,-0.75812987444501,0.535277736381459,0.873306333583457,1.45344454904698,-1.08545546552323,2.60760118739406,-0.80655549658517,1.653
15,"znext",0,3105.93844237441,137.816940069199,-0.379551543440014,-0.790185478953634,0.549229236705485,0.897753991286737,1.50815441029451,-1.09341541691581,2.69473617458851,-0.685923677135187,1.653
16,"zK",0,3253.90734756298,129.778670072556,-0.557884404525025,-0.845228942737049,0.408636512438618,0.684388418346891,1.47240479882202,-1.00200932938707,2.46769340330418,-0.755880754288524,1.643
16,"znext",0,3160.20561008346,134.665385961533,-0.575988580767865,-0.868567850738215,0.421102720207119,0.711232543206821,1.51640635197022,-1.03008318121456,2.54430836735272,-0.605324080671066,1.643
17,"zK",0,3075.7315042492,127.846050024033,-0.447605808140693,-0.828626984712913,0.597708124537832,0.81703848618528,1.5689502107254,-1.05721528316465,2.82136318612908,-0.715306834462725,1.595
17,"znext",0,2995.46676238615,139.143838882446,-0.471594362197071,-0.86906086978285,0.605698396139997,0.828920801692648,1.62481378310056,-1.08731132834631,2.91820129246694,-0.591957102141085,1.595
18,"zK",0,3088.98237125737,138.117372989655,-0.482866066963932,-0.799216869003466,0.56581467603936,0.796879646221657,1.52602053557169,-0.964680502084444,2.47568250724387,-0.68094972572628,1.591
18,"znext",0,3026.77953209695,138.139310836792,-0.493205406111572,-0.820701472110555,0.577955649312986,0.817344812981156,1.57007628005966,-0.990481662200145,2.56370551725882,-0.585687443497609,1.591
19,"zK",0,3172.94240467675,131.383832931519,-0.630992006165959,-0.810353962192731,0.492486645809069,0.77459918752335,1.4295909117736,-1.04912831824306,2.54311625536942,-0.786415369132253,1.642
19,"znext",0,3086.00790152624,131.673547029495,-0.645637435154552,-0.844120682236111,0.509494810266974,0.804940813692948,1.47027533179665,-1.08607157616241,2.63307021818636,-0.653021887549266,1.642
20,"zK",0,3212.55242329859,125.010039806366,-0.541711092372813,-0.913217909478766,0.475676365716454,0.712613203965356,1.39460878456531,-1.08380415311946,2.43288762247948,-0.74562146296528,1.638
20,"znext",0,3134.9303980482,132.028095006943,-0.546174494074918,-0.933269363765902,0.496043586755199,0.73906640796695,1.44681752073004,-1.11924762538602,2.54797697750742,-0.628717416677467,1.638
21,"zK",0,3044.61789292814,142.976564884186,-0.519512283648104,-0.876186012867577,0.551054902411478,0.786402327221955,1.48314704957373,-1.05284555899457,2.443130430306,-0.674846582049493,1.591
21,"znext",0,2979.20576477459,139.893455028534,-0.547583249571122,-0.904910442435554,0.577276706657134,0.81666743963534,1.52469644736407,-1.07704894932471,2.53147981909737,-0.579398347432268,1.591
22,"zK",0,3127.06479786407,129.276109933853,-0.460585074810345,-0.654996144731545,0.478194194766189,0.853817126570862,1.41024358459966,-0.982576514517112,2.44819114105311,-0.648847321649557,1.591
22,"znext",0,3051.02952376269,136.512533903122,-0.474447140425772,-0.661591454199289,0.494951928654155,0.873379709188079,1.45711514211178,-1.01359645887756,2.544713635958,-0.533024962267712,1.591
23,"zK",0,3135.55983514496,129.789127826691,-0.425939554858365,-0.814553050865239,0.479868239392332,0.78769989562088,1.51994367378832,-0.956654878852665,2.38801200422253,-0.685458122669571,1.628
23,"znext",0,3059.52960644729,133.051501989365,-0.427354077687664,-0.84678967861345,0.500399973965261,0.814170902055823,1.55515742963682,-0.972345488976318,2.45282149590748,-0.567154084532694,1.628
24,"zK",0,3177.93766208565,133.88552904129,-0.514684164290486,-0.856526355791384,0.470601425024424,0.759659383054374,1.42784926982415,-0.973058423428236,2.37946869337507,-0.706029376928608,1.62
24,"znext",0,3093.65714250665,134.129900932312,-0.535078641921699,-0.892975700927514,0.478989389071781,0.775484712283025,1.47991416786149,-1.00749655486113,2.47587242133888,-0.570566831610393,1.62
25,"zK",0,3315.04233411147,137.238839149475,-0.445940144251731,-0.770305750377157,0.489319980106136,0.736692886471868,1.41820946931514,-0.78151039511897,2.2210058268898,-0.779765034605332,1.669
25,"znext",0,3239.56550555794,139.432486057281,-0.468663934711411,-0.806982094079995,0.498184533380144,0.751936340858103,1.45074766462564,-0.825727761144378,2.30433449483581,-0.668923835087224,1.669
26,"zK",0,3105.47583243805,126.083204030991,-0.524987908036391,-0.867629321332827,0.41474209997996,0.783470980373462,1.49463886501962,-1.07988371579193,2.5481533055897,-0.614921045008178,1.585
26,"znext",0,3036.10327717017,127.506577968597,-0.542389087350767,-0.899985871548144,0.435917061089353,0.808293051983525,1.53169629144348,-1.0905495301153,2.60991902945661,-0.506414547094431,1.585
27,"zK",0,3274.56151597338,127.482150793076,-0.382115495790782,-0.648025573578382,0.507185793084766,0.765971844147843,1.47904065615658,-0.95406238434883,2.45537296955163,-0.71206513328017,1.655
27,"znext",0,3199.40855797345,134.983412027359,-0.392507708227704,-0.679778076853857,0.521934110670374,0.78931677991662,1.53365201397501,-0.985121304839849,2.56004185577313,-0.596740836290695,1.655
28,"zK",0,3109.41498879532,132.728516101837,-0.435124845908568,-0.801679802204203,0.497085817503905,0.829390433371761,1.57330927039816,-0.969174312557956,2.65987560432118,-0.71152744270826,1.602
28,"znext",0,3041.964280344,131.406080007553,-0.455271843913746,-0.817956167754157,0.515786290028891,0.854252563627151,1.60750366440074,-1.00998660358644,2.74941525579706,-0.606087874742484,1.602
29,"zK",0,3109.36891796783,135.153081893921,-0.480314798204629,-0.769495861931716,0.474856608152864,0.848043257401966,1.58268073699776,-1.1475338485162,2.90432419443595,-0.699020575457024,1.603
29,"znext",0,3019.1019865123,135.938461065292,-0.502138517415715,-0.805848769635349,0.49403483828982,0.875073789261495,1.63956596822699,-1.18023921754658,3.01481176032301,-0.560011939241952,1.603
30,"zK",0,3156.16234297527,132.527829885483,-0.514668482038807,-0.830675429186055,0.437064582740802,0.798002758463088,1.46835180847285,-1.07611511581524,2.66057348750982,-0.624528811054766,1.584
30,"znext",0,3071.15068308862,124.635723114014,-0.556775449247621,-0.870883402553407,0.442714697198029,0.813805136185458,1.51551274020586,-1.10255473601813,2.74398312933886,-0.502721483244158,1.584
31,"zK",0,3095.06321965856,125.659703969955,-0.472545207960559,-0.798747485710191,0.560871125932038,0.815785077383649,1.49709995147049,-0.959123330602077,2.3198909920489,-0.644817165886679,1.595
31,"znext",0,3017.22479046816,137.908708095551,-0.487245441284994,-0.840698621439598,0.581924667180155,0.836890406605296,1.55062735834234,-0.991726493768458,2.42510652964306,-0.533806860760879,1.595
32,"zK",0,3183.60618106884,138.462698936462,-0.373997400976537,-0.779576419607599,0.51677822371737,0.817343220991571,1.44627322942461,-0.930513851790991,2.28816421465827,-0.654535452037524,1.625
32,"znext",0,3091.85037505732,132.338554143906,-0.39726870943189,-0.819375209060362,0.529987725478216,0.846270998097481,1.49344573087112,-1.00396754845545,2.4242252612443,-0.521753894892459,1.625
33,"zK",0,3072.91167582742,126.357007980347,-0.558074247651328,-0.76045291847323,0.458209154022711,0.807340096169542,1.52793891806301,-1.0025228130741,2.59976119596754,-0.697348329672164,1.588
33,"znext",0,2991.65626780848,183.008051872253,-0.58108351354001,-0.790381040786321,0.465265160292312,0.831215408889503,1.56495974657198,-1.04279394326896,2.6840903581507,-0.567498382885762,1.588
34,"zK",0,3225.15849449454,199.205051898956,-0.442682851644404,-0.731263939358491,0.38836191844249,0.79438698485767,1.37023412387211,-1.0831326368182,2.25052824225176,-0.677128002322091,1.651
34,"znext",0,3155.27553437458,136.149408817291,-0.454391658440245,-0.756528866724238,0.40025492122056,0.815140456374519,1.4035880158694,-1.10712576774511,2.3152260912583,-0.570341304775009,1.651
35,"zK",0,3121.10574115373,129.466932058334,-0.48105815044235,-0.900451804764464,0.544929275754596,0.789582188444224,1.46492618229723,-1.09851707206364,2.61167531604698,-0.715903991203097,1.605
35,"znext",0,3049.79140154439,141.708521842957,-0.498192512479898,-0.923470566051355,0.556732315384686,0.805423071763295,1.50029613169817,-1.138461030921,2.69535696521117,-0.607472443849749,1.605
36,"zK",0,3134.30620775712,137.361129999161,-0.471604281661892,-0.888430604951552,0.467685903390875,0.783005388938216,1.57471028690097,-0.995263264595198,2.6284061174506,-0.692178700759067,1.612
36,"znext",0,3059.36880012707,138.504868984222,-0.485570524126875,-0.915895335194223,0.486843991359398,0.805438604641309,1.62992755086449,-1.03828079615981,2.75093652119726,-0.583930098649383,1.612
37,"zK",0,3140.34302790055,131.888278961182,-0.469710640211942,-0.770780797105255,0.520071214270003,0.826837152587459,1.50686874470829,-0.933880382161979,2.50237754066323,-0.79166511444064,1.653
37,"znext",0,3054.38669316627,133.569244146347,-0.479165317747294,-0.79071455073387,0.538086480276384,0.852577869826979,1.56206346177021,-0.964776122656215,2.61530596755747,-0.658832350377844,1.653
38,"zK",0,3162.74696424815,128.522495031357,-0.504032374458219,-0.838012131792571,0.448512978606176,0.696689350604583,1.45542945523416,-1.0118313986037,2.25584914817596,-0.660557166150739,1.624
38,"znext",0,3087.20202717719,132.228081941605,-0.531875869917804,-0.882512429232732,0.457432513543312,0.706665109515633,1.49810150694692,-1.04974569418119,2.33801136171498,-0.546963299978722,1.624
39,"zK",0,3217.81866315551,136.209774971008,-0.41994116563632,-0.809040664519645,0.581188554918536,0.785963692078424,1.47804952673086,-0.916982825091374,2.3539962360557,-0.721842579613655,1.646
39,"znext",0,3122.79663987699,131.80501294136,-0.437000729602899,-0.843643496840743,0.613687268935899,0.817219272565479,1.51346898783024,-0.972729579315116,2.46014697212849,-0.579108105918797,1.646
40,"zK",0,3216.9582640436,128.664622068405,-0.477197323784742,-0.790858182020201,0.527967762305528,0.85980676892944,1.41351806475576,-1.00817894345825,2.52932586377062,-0.782651771655064,1.652
40,"znext",0,3134.00468304759,131.551017999649,-0.502150977264658,-0.834716626788525,0.540495786625634,0.884658677581729,1.46388456889113,-1.03698060261418,2.62089744538377,-0.660758458513579,1.652
41,"zK",0,3098.09393928108,131.622100114822,-0.442757373553357,-0.68525857030666,0.54634371759093,0.907722198043347,1.49024046117429,-0.958379504577578,2.58399928537726,-0.695702160756243,1.602
41,"znext",0,3024.54993317748,135.19651389122,-0.459695759136201,-0.688260202223613,0.576355846307155,0.942958205609636,1.52614200646063,-0.972854579434281,2.65759444500389,-0.581710385314528,1.602
42,"zK",0,3037.0397970322,141.227765083313,-0.470424355780933,-0.84131298750311,0.513718188677606,0.826019013704489,1.59428041401319,-1.10181936586454,2.83164541971846,-0.67944102583854,1.587
42,"znext",0,2967.9227811724,144.431108951569,-0.485146577173527,-0.879770846457337,0.521082606628742,0.838175299505118,1.64045280497296,-1.15002726865494,2.93376458714058,-0.569357532805894,1.587
43,"zK",0,3084.77582323138,128.577111005783,-0.35711930654491,-0.725353524841653,0.568277420876871,0.84331881387992,1.56828003422834,-0.961441815259533,2.55529774173009,-0.650638896968744,1.598
43,"znext",0,3011.16031582147,132.521143913269,-0.360532291821791,-0.745475951837456,0.588161708146806,0.87088787945333,1.60938309399764,-0.991058200328482,2.64208505253028,-0.538242579605743,1.598
44,"zK",0,3040.64293556352,128.835551977158,-0.468757644094658,-0.816084011350781,0.50643411597792,0.859614538821243,1.49841560519385,-1.24004820006864,2.75710131424768,-0.669393289172902,1.591
44,"znext",0,2978.37063225038,128.189708948135,-0.492194371303097,-0.844663224854982,0.516685426960905,0.874377824613905,1.52909826230911,-1.25524781012674,2.80923157982703,-0.569673985777322,1.591
45,"zK",0,3152.8215587923,128.930527925491,-0.484888784612064,-0.790490854267207,0.522141753603181,0.857573323984153,1.40335826113414,-0.977487582111149,2.4807162437107,-0.646757673611334,1.594
45,"znext",0,3077.80760578927,130.95401597023,-0.501166773150261,-0.814134903603656,0.543197684817007,0.884615338269964,1.43786710248992,-1.01868453724298,2.56984402509927,-0.533331953063737,1.594
46,"zK",0,3186.14500910801,137.806322813034,-0.530061343055987,-1.06149949694882,0.470169224079572,0.673590619958728,1.44631117618003,-0.94511731352597,2.33339985239616,-0.700926589814472,1.623
46,"znext",0,3102.16380132441,138.880730867386,-0.538949928042113,-1.10331550201959,0.488841275949878,0.701246338630503,1.49116526991472,-0.978663540055779,2.43419411704053,-0.574846666020319,1.623
47,"zK",0,3076.7222049938,128.23624587059,-0.475939618683956,-0.764872469892758,0.455371732684446,0.854182771913584,1.57880768623008,-1.08176799005637,2.67661948599369,-0.659247412638758,1.591
47,"znext",0,2999.46713372835,128.787703990936,-0.490024062102268,-0.786674179629676,0.479562984397,0.883732223180475,1.62957911159644,-1.15129710503052,2.82246327994841,-0.545904079347163,1.591
48,"zK",0,3117.03155833666,126.849809169769,-0.486290256166535,-0.786965139846675,0.522305308335179,0.845196480754817,1.55554728906543,-1.00395062461176,2.74820562085479,-0.709153854971283,1.6
48,"znext",0,3044.24655437012,132.701191902161,-0.500470447864437,-0.826036470756775,0.537084083397605,0.869814718756648,1.59344590184717,-1.04482654397927,2.84723314365408,-0.603971567982525,1.6
49,"zK",0,3143.57402949684,138.528030872345,-0.519234009599195,-0.749439486722927,0.548928912795195,0.783076736861394,1.47083200847828,-0.987237279709655,2.31561208927616,-0.67114785772707,1.62
49,"znext",0,3047.12140836044,132.311610937119,-0.535445369874139,-0.78548015262508,0.58098703368105,0.815371793755996,1.5276599754712,-1.02323485306475,2.42995448329399,-0.532186282784874,1.62
50,"zK",0,3096.61525792203,131.655699014664,-0.540407032216945,-0.768086692911089,0.459639903161986,0.793886627151159,1.50220030146347,-0.903537284713802,2.42930516361114,-0.618947755944414,1.579
50,"znext",0,3026.91444835664,131.921767950058,-0.557539183228961,-0.805536753755057,0.468824673692589,0.816980716209079,1.53817432176801,-0.918484620987384,2.48532345317219,-0.510639229063339,1.579
51,"zK",0,3172.13307363436,130.503746032715,-0.462427700743575,-0.742718446165255,0.460032990597102,0.839246022180908,1.44302074658637,-1.090726674705,2.51517587225196,-0.676410133258049,1.616
51,"znext",0,3093.46064106576,136.328438043594,-0.482354325058955,-0.767335220547549,0.475550551013701,0.869528503598145,1.48996832911367,-1.11055129388016,2.60100365233525,-0.557641802101423,1.616
52,"zK",0,3124.62664565615,131.929104089737,-0.452147883277591,-0.791443080968709,0.529488650236691,0.84630181187821,1.47184497334927,-0.808346645133647,2.51658338987509,-0.711029145532875,1.59
52,"znext",0,3037.57898736794,130.322257995605,-0.482908722074821,-0.830234222157079,0.554234981271424,0.881795324599648,1.52664984585589,-0.836224761659637,2.62562991403422,-0.584337189611091,1.59
53,"zK",0,3098.64259374474,138.92483997345,-0.50320403348771,-0.817917042580215,0.504953206094463,0.793979685601923,1.54137210483552,-0.941572890513123,2.46762235436648,-0.692091920524176,1.615
53,"znext",0,3015.69625466569,132.61442399025,-0.512653112351794,-0.872675478153908,0.516686548238152,0.810127900129951,1.57684318821863,-0.956334448463193,2.51972749393947,-0.564448925073798,1.615
54,"zK",0,3143.08177722508,112.392997026443,-0.437952126317652,-0.766627840542215,0.473834486902688,0.833838897514579,1.52355242729504,-1.16572454391574,2.81463629991704,-0.7622861382882,1.61
54,"znext",0,3069.03806720858,108.735812902451,-0.455042815858349,-0.793683200567583,0.491487140561194,0.858091011608881,1.56837866102848,-1.19785311993095,2.910057351841,-0.652403193268039,1.61
55,"zK",0,3104.71106305707,135.794157028198,-0.47889653395589,-0.833605468001083,0.543646386073205,0.82645249737738,1.4516326935563,-0.966519889544269,2.43987387270166,-0.715461251717391,1.607
55,"znext",0,3023.47137874504,141.021595001221,-0.486115905042209,-0.86389241463075,0.567241421678764,0.860075252671116,1.50105672624947,-0.995707931915828,2.54597998589079,-0.588751126421051,1.607
56,"zK",0,3234.34631235327,133.407212972641,-0.621144567720288,-0.908015438242066,0.347236524626617,0.623516327833318,1.48985722696016,-0.826228355374625,2.28581766093187,-0.692472120390398,1.626
56,"znext",0,3164.80091294242,132.533171892166,-0.644382057250075,-0.930585963698274,0.357832050016421,0.639447769377701,1.53222493155395,-0.849446723035599,2.3640850229869,-0.585218192730592,1.626
57,"zK",0,3096.46066510171,133.786282062531,-0.438708687573298,-0.836984686172224,0.526842256278795,0.842666488172794,1.38767833239961,-0.968145885156785,2.26846731215862,-0.607277149309233,1.584
57,"znext",0,3007.19285386804,131.498360157013,-0.456823116188581,-0.87291924410047,0.538796734760008,0.867065019519143,1.4360694427139,-1.01087893564287,2.37501039204474,-0.485624483424134,1.584
58,"zK",0,3086.15580896464,132.609246015549,-0.482457138137205,-0.895554377345016,0.408487870852665,0.769725021906678,1.55921094976204,-1.04582432919626,2.46704291875617,-0.696126862792668,1.615
58,"znext",0,3019.01656324591,132.984539985657,-0.489712856302796,-0.926641619069497,0.423699719537527,0.792869179406639,1.59288995291742,-1.07427713363622,2.54452690655076,-0.594245381902247,1.615
59,"zK",0,3180.27449399828,133.115294933319,-0.492754983823165,-0.921452394405831,0.449035487024537,0.690001410185716,1.521696218552,-0.945524006942838,2.42396108176289,-0.698415459983268,1.624
59,"znext",0,3108.15481807025,130.647660017014,-0.510730710703618,-0.974781722282783,0.45075658315291,0.700610699934189,1.56169555109042,-0.971480821035157,2.49346831451755,-0.582155566942967,1.624
60,"zK",0,3129.32442488622,132.513312101364,-0.552401913500143,-0.813663696024524,0.459045353348263,0.786830361042752,1.47032443425399,-0.874044709264388,2.32820087049832,-0.653510570328177,1.596
60,"znext",0,3056.67857976507,131.091727972031,-0.578692818785983,-0.843331015275029,0.480931614889536,0.803873862014547,1.5227820709101,-0.900406576744119,2.42612214358132,-0.546295013049862,1.596
61,"zK",0,3190.99791193077,117.700443029404,-0.390328925207029,-0.667422159402103,0.573360451868835,0.826157666272406,1.49486218568132,-1.05397183461764,2.68521350619374,-0.707641750348927,1.622
61,"znext",0,3117.2999630895,108.946834087372,-0.407044856940288,-0.704238181929273,0.581417096246799,0.841220758755626,1.53429841357473,-1.07169061002229,2.7516894751316,-0.595227986589212,1.622
62,"zK",0,3008.0598909454,133.54364991188,-0.583768814099373,-0.840618005286089,0.45860323877971,0.775368464242624,1.57766701260332,-0.995229006643693,2.53096433617747,-0.628422318042206,1.573
62,"znext",0,2940.20142390011,136.846165180206,-0.61203816368034,-0.886650347635488,0.45581774251466,0.78571557098835,1.62305348640431,-1.01020136256711,2.59734177092096,-0.527376502334851,1.573
63,"zK",0,3103.66271344365,131.364320039749,-0.527469972508474,-0.815792772373911,0.479257007885192,0.761864993415473,1.50681822874483,-0.963923611671259,2.48968085955615,-0.679746912929612,1.599
63,"znext",0,3016.24564399867,135.27579498291,-0.551835423612633,-0.866978237946252,0.485506875234278,0.782577796128909,1.54777204335207,-0.985034700692617,2.55586105893994,-0.546543234728707,1.599
64,"zK",0,3133.64019899995,126.976418972015,-0.541817531761411,-0.757152697335576,0.467464216757044,0.758833699082584,1.54098191609487,-1.1050695728858,2.64873825816657,-0.644408178074132,1.603
64,"znext",0,3062.17414796665,130.094852209091,-0.561541343100534,-0.771851933792355,0.482925465491757,0.778375370684673,1.59185103940381,-1.13706971582766,2.75257274421514,-0.544624944610169,1.603
65,"zK",0,3032.52038318802,129.679590940475,-0.394033905764922,-0.821697809234089,0.609947492848918,0.910645556655638,1.52425396658924,-1.05330821627069,2.65999125110337,-0.649564392314188,1.58
65,"znext",0,2952.13778632553,132.23979306221,-0.404494180999037,-0.868362539674502,0.633640056802806,0.938072665843705,1.57946671425473,-1.1028790880101,2.78923711085408,-0.533921754722965,1.58
66,"zK",0,3138.02325303646,134.712766170502,-0.581229355121829,-0.805240841014022,0.516310874538165,0.720996730208504,1.46113828986942,-1.08681088883244,2.53989046910218,-0.699090259943722,1.611
66,"znext",0,3053.13752698598,135.808614969254,-0.590579410412138,-0.849206109486643,0.53531878228276,0.744668160507745,1.51467751344867,-1.15298378714121,2.68115191439177,-0.574087220712933,1.611
67,"zK",0,3171.91161590063,136.64234995842,-0.460237603419516,-0.743583517495534,0.459311859578667,0.813062933001484,1.47190556338156,-1.12746702721758,2.56664033246218,-0.693210222698389,1.623
67,"znext",0,3069.85446055683,131.526976108551,-0.458692436106528,-0.778615281815236,0.490384569725601,0.846544511619427,1.53965092677702,-1.15743140632905,2.69361509483718,-0.538831710604383,1.623
68,"zK",0,3101.69556630815,111.934921979904,-0.607177594884267,-0.802285242250904,0.580027586269564,0.812429708057957,1.51806593168233,-1.03509648152152,2.64715607857384,-0.7074707735743,1.604
68,"znext",0,3028.04469096394,109.178639173508,-0.640103714234741,-0.843895046969968,0.600893059916003,0.827767558846501,1.56336500320547,-1.05870932874118,2.72765794355421,-0.59918182577524,1.604
69,"zK",0,3174.38762971076,132.301827907562,-0.426726990219012,-0.834502528797796,0.445636090218531,0.763651391497202,1.46911224220832,-1.09019178238606,2.63209472600718,-0.694190731852466,1.611
69,"znext",0,3104.45461860647,131.883846998215,-0.443881033013534,-0.851414912510462,0.464899113405426,0.792629453992179,1.50500800904926,-1.11455237543306,2.70828561042917,-0.586003417433636,1.611
70,"zK",0,3031.7930402816,137.801676988602,-0.49423848639728,-0.782252513036791,0.528207273209106,0.821683781666447,1.5009787440517,-1.03618294642844,2.4000476577147,-0.607650321520366,1.589
70,"znext",0,2943.58494525254,136.841280937195,-0.512446336487306,-0.831569968964416,0.548071751092987,0.849216004170791,1.54114454924335,-1.07424968986445,2.48906355835168,-0.486463885458236,1.589
71,"zK",0,3123.6862192475,136.799381971359,-0.489526536544238,-0.911092221776771,0.388793686087249,0.725191278369274,1.56158576957925,-1.09592708081919,2.74936546333205,-0.70754720263435,1.607
71,"znext",0,3050.19455366784,134.943464040756,-0.513649432550468,-0.954128794822851,0.391553886304711,0.737220710592777,1.60498063915353,-1.10479064633709,2.80838672440643,-0.595459675160301,1.607
72,"zK",0,3104.50612443585,133.66622710228,-0.450972772972987,-0.93918599324174,0.441408450915159,0.78307478823955,1.41755603923936,-0.909997536229604,2.27397315487312,-0.670696602295326,1.595
72,"znext",0,3015.94635668965,134.051363945007,-0.479151829980391,-0.999815107472888,0.453801960852345,0.801627864628759,1.45553210424651,-0.93755257923851,2.34371359562838,-0.53722262230793,1.595
73,"zK",0,3102.73017805849,132.251806020737,-0.626227219243915,-0.791202764498711,0.416821451925369,0.731976716950655,1.59011452761446,-0.949213003519531,2.60337871707467,-0.719811703437705,1.606
73,"znext",0,3017.65388549975,129.885334968567,-0.664391027631678,-0.853801737437845,0.420142410130721,0.743230051048673,1.64989661060971,-0.989322610838821,2.71138399736106,-0.594708284463489,1.606
74,"zK",0,3099.75428697379,113.431948184967,-0.533761732761794,-0.810464332706764,0.502463730953313,0.77129439166305,1.58695644146571,-0.92179670003352,2.67551325148915,-0.717415123680242,1.592
74,"znext",0,3023.66325910259,105.748406887054,-0.551523821628219,-0.846694380463506,0.524465609673402,0.792477347564946,1.62934059155018,-0.954025804885064,2.76339669727094,-0.606231045422439,1.592
75,"zK",0,3198.3506335895,90.4493720531464,-0.518340621752638,-0.881352881099646,0.42051414875838,0.730274954224152,1.42270065492851,-1.03577436177431,2.34595074759406,-0.744655956513823,1.638
75,"znext",0,3107.85737844735,81.1778478622437,-0.531069189051496,-0.919547891232977,0.450031959623044,0.764131940891976,1.46401347492191,-1.09221971528368,2.46178693974989,-0.61052912998159,1.638
76,"zK",0,3176.69966748957,137.39853310585,-0.472228637359355,-0.820192231066069,0.475055859161815,0.776750680892298,1.6308423101017,-1.08748409108185,2.81595558936903,-0.7623773607887,1.638
76,"znext",0,3090.60907472781,137.276086091995,-0.486759045817427,-0.848452337652561,0.488234693421207,0.799842334144052,1.69541464906502,-1.14229966068238,2.96673369513479,-0.639055451453563,1.638
77,"zK",0,3126.42503718261,131.462737083435,-0.524598978410557,-0.923390633320075,0.458642711927027,0.734833849714592,1.47528667544422,-0.975257379924825,2.27743391610621,-0.651911798839653,1.615
77,"znext",0,3055.30259282926,131.758148908615,-0.542511796705087,-0.95424964294987,0.47387272981279,0.749704883695486,1.51414951482053,-1.00543929462439,2.35848587796316,-0.543591914815519,1.615
78,"zK",0,3156.74750283808,113.785130977631,-0.436058397203117,-0.790407062190165,0.499550657054838,0.834871788630182,1.50296589918527,-0.896413356529885,2.44345688413738,-0.713471734487708,1.622
78,"znext",0,3072.70664220377,112.533790111542,-0.464885108001856,-0.833774133128333,0.517180188944975,0.86143835120439,1.56267908898955,-0.917958872619179,2.54786245468861,-0.587325980463124,1.622
79,"zK",0,3113.56047405287,135.571479082108,-0.590050332837592,-0.840233807758631,0.525340048445111,0.789130439650696,1.48374063884054,-1.06734968403575,2.58154351614998,-0.636869660733426,1.593
79,"znext",0,3045.81475226897,132.24370098114,-0.607418388608029,-0.857222370791433,0.544028516624343,0.809301827129899,1.51813965387122,-1.11052930539651,2.67018102107796,-0.531943223250307,1.593
80,"zK",0,3065.79520038221,136.36382818222,-0.458635264002429,-0.715243967219414,0.600921116166581,0.94553329950641,1.48388612333459,-1.01710373686222,2.60333039845508,-0.677134981752828,1.587
80,"znext",0,2984.27542637905,132.385833024979,-0.502852425424782,-0.747733558399641,0.619854097068067,0.968083939696745,1.52526301191895,-1.03334241910334,2.67262449351336,-0.554651745589674,1.587
81,"zK",0,3034.78463434837,113.978567123413,-0.44210246059917,-0.789109343377111,0.622438941863859,0.879298009992897,1.5121608084607,-1.06219962286329,2.57308581555689,-0.605862955563268,1.563
81,"znext",0,2970.05557723234,110.541241168976,-0.458462651541747,-0.813289741441145,0.640133887524382,0.910169795197883,1.54723930479449,-1.09670252135136,2.66119262742237,-0.504342634037771,1.563
82,"zK",0,3227.10403742228,86.270544052124,-0.506691051905656,-0.770928619911067,0.517363462509018,0.726993140109903,1.41459652726548,-1.0023494000378,2.41006281222372,-0.758387054484762,1.647
82,"znext",0,3129.93036866811,87.3993649482727,-0.525624223772289,-0.797831481294641,0.546527495465301,0.764299598710065,1.45646423478466,-1.06229526344434,2.52747232256404,-0.609603385140786,1.647
83,"zK",0,3054.89983908687,131.83216881752,-0.488638937775148,-0.837501832893789,0.522525720161155,0.828538457750669,1.53659461971366,-1.04001812422446,2.77580606923166,-0.669407931738514,1.574
83,"znext",0,2969.47746054992,132.69912481308,-0.513545321871103,-0.858637532215421,0.554509025162361,0.861859788252485,1.59538551756163,-1.06825168507149,2.89368290335306,-0.546019247782624,1.574
84,"zK",0,3162.51714206668,128.758327960968,-0.556083354736347,-0.709206776673642,0.439017153646103,0.742809724325612,1.48093547959802,-0.865151644651881,2.27618955814004,-0.613137452988904,1.59
84,"znext",0,3085.02656719332,133.952325820923,-0.569284023434317,-0.74664442592434,0.457062975742048,0.759614924884346,1.52296241838303,-0.899792813663616,2.3637877276279,-0.497207896290585,1.59
85,"zK",0,3080.03165278453,114.755143880844,-0.548149825013753,-0.792614928690906,0.490775988179644,0.812765958525205,1.55147277600745,-0.960740487120901,2.546135594574,-0.695305125927504,1.599
85,"znext",0,3002.25685198591,109.720329046249,-0.578254946805856,-0.83076477896612,0.499146725620548,0.833146914136995,1.59942214172088,-1.00010666989699,2.64491970725485,-0.577332656093839,1.599
86,"zK",0,3128.85033734228,135.894300222397,-0.519713845181523,-0.868329555747567,0.523850182087865,0.824008203300076,1.52642713097801,-1.06402321831432,2.68230610113101,-0.726962855113646,1.62
86,"znext",0,3052.34928218642,134.796639919281,-0.543758823475469,-0.908195872368499,0.531846571961151,0.841365015632652,1.57162364539459,-1.09268468175603,2.7651937143651,-0.610670295443831,1.62
87,"zK",0,3182.7981257458,127.776319980621,-0.534316932516287,-0.779943008033246,0.515108538715,0.779218931232067,1.48489112452595,-0.991266126921595,2.49979254545347,-0.67590464089285,1.606
87,"znext",0,3113.52782746691,130.188094854355,-0.533403932041519,-0.799667970318884,0.533565949090318,0.806381709969173,1.5317540895733,-1.0090524114507,2.58909653840225,-0.569108528320775,1.606
88,"zK",0,3091.922416584,110.292140007019,-0.4595110288058,-0.786587603326033,0.498989304010972,0.855631543208865,1.50389075079738,-0.997295752153952,2.59017070608334,-0.734282018229029,1.602
88,"znext",0,3011.88133100685,143.605839014053,-0.475350023816609,-0.833069674458965,0.504676958994527,0.876835361919072,1.55428764410592,-1.02927810138415,2.68694727791297,-0.610633163961867,1.602
89,"zK",0,3087.72653542351,86.1301159858704,-0.572717554050451,-0.822521809215617,0.464033696817616,0.8622063020251,1.49235630617501,-0.937601947729595,2.46224593251264,-0.74376105563628,1.617
89,"znext",0,3014.33501862893,85.6015429496765,-0.586202238569074,-0.856265167299639,0.482299677294985,0.888395052863277,1.52447783915176,-0.952299489883495,2.52516638810515,-0.628252417975813,1.617
90,"zK",0,3113.71172345631,134.265831947327,-0.486240187277243,-0.870436473287403,0.461027886714562,0.773540690298081,1.54498303442917,-1.14201331311436,2.73036452452027,-0.730544521606442,1.617
90,"znext",0,3050.22706971505,137.859392166138,-0.506535721968582,-0.885298055529796,0.476896647431292,0.790068274474093,1.57550395173484,-1.15677347631861,2.78583199319389,-0.627927411640661,1.617
91,"zK",0,3186.20202826209,140.518560886383,-0.48196814835789,-0.742502783103771,0.521570298426708,0.829366051867012,1.52621092908125,-1.03269480015949,2.6544523860071,-0.773360480703355,1.646
91,"znext",0,3090.92294303202,129.801615953445,-0.511280287143905,-0.773409212140227,0.543450667087897,0.862432958855102,1.578528473996,-1.06171804225041,2.76053598010574,-0.633528700704078,1.646
92,"zK",0,3068.9134205945,114.154601812363,-0.466995442743596,-0.860309177293556,0.456895576035877,0.827294178334664,1.60950321210172,-0.981491814332388,2.57602777979873,-0.65792655882084,1.592
92,"znext",0,3003.52322978963,110.618468999863,-0.472248665922196,-0.876888362514523,0.483079110912279,0.855475510044179,1.65247329157408,-1.00943833228683,2.67129479634306,-0.55399656976933,1.592
93,"zK",0,3168.96762476117,86.9486401081085,-0.3960433113928,-0.73856046186709,0.494522641483811,0.849388637870689,1.47987012838225,-0.906159119291304,2.42139894867535,-0.748768625663929,1.642
93,"znext",0,3078.25548713632,84.8329491615295,-0.411800970542177,-0.776857790224074,0.515503738700075,0.879407039603444,1.52656044662019,-0.92560965867639,2.50064906284143,-0.614052132680682,1.642
94,"zK",0,3071.59435607455,133.068387031555,-0.526371900759967,-0.804865281221404,0.546657242287088,0.803317018128589,1.45669214087383,-1.05312007605252,2.34356971880521,-0.610967415328837,1.597
94,"znext",0,2993.32744252341,146.200349092484,-0.553650908408491,-0.835278264528881,0.561051338223704,0.821543446347314,1.51198278810172,-1.07981240857741,2.44410372618006,-0.494509002981551,1.597
95,"zK",0,3135.62380410726,138.258801937103,-0.515483491330776,-0.677806148532041,0.500037862917025,0.851048728017578,1.49555537809163,-0.86129695219906,2.36821306255882,-0.630174509094313,1.59
95,"znext",0,3048.08544443626,129.94749712944,-0.5253837975644,-0.689639464565932,0.521720503670902,0.8866019348769,1.54854931415399,-0.883449368898049,2.46978842153952,-0.500344285798152,1.59
96,"zK",0,3204.27812971065,115.031284809113,-0.520194345531081,-0.674762486113938,0.505083635794404,0.844193335480208,1.42787473800124,-1.01371809540575,2.44391657513384,-0.722475186013417,1.636
96,"znext",0,3118.08923053127,104.613281011581,-0.552150116256367,-0.699438657876834,0.516899941368481,0.870813744957503,1.46340400250819,-1.03426621187,2.50745104827754,-0.590883487561754,1.636
97,"zK",0,3130.66876116502,133.159870862961,-0.564119631143898,-0.908753692165608,0.541475410971925,0.734552633881851,1.53137626810963,-0.903976122140525,2.44318209132356,-0.750581726211964,1.627
97,"znext",0,3043.2937196423,132.346228837967,-0.605216322375475,-0.946543030379134,0.563877494919876,0.753843350637677,1.58673547249919,-0.933190822439887,2.54863068688417,-0.622003009655783,1.627
98,"zK",0,3094.9325218852,133.271194934845,-0.45279696337072,-0.86139033054041,0.478316256073545,0.851636118030413,1.49228645586875,-1.26294569697088,2.71925624497616,-0.684465647555386,1.611
98,"znext",0,3020.17136819868,119.533254861832,-0.472840647044384,-0.898075761758538,0.487661187515737,0.878968555631437,1.52793875316126,-1.3181772089145,2.82185956148937,-0.570234681067315,1.611
99,"zK",0,3143.50985395652,108.229887008667,-0.507747187175669,-0.856032807567384,0.488085480789571,0.742143067680476,1.60805178253631,-1.03172940597118,2.69911311149024,-0.71656876433921,1.617
99,"znext",0,3069.20071067064,90.8138649463654,-0.534251191227664,-0.894730938379022,0.510261371888399,0.764384799636205,1.65930122715947,-1.05753877402594,2.80047610483096,-0.609269872497872,1.617
100,"zK",0,3106.66465035048,85.2597641944885,-0.485170343928605,-0.759718162513399,0.499174753022519,0.816791121655306,1.52406082318152,-0.948421146124154,2.61645189406044,-0.69784106237219,1.596
100,"znext",0,3018.35346047799,76.8813209533691,-0.529617523033385,-0.790016525603362,0.521223992175821,0.853498175629046,1.58697578057306,-0.97939536379905,2.73720552193284,-0.566395830597149,1.596
